,Features.PearsonCorrelation.Mean,Features.PearsonCorrelation.StandardDeviation,FeaturesLabels.PearsonCorrelation.Mean,FeaturesLabels.PearsonCorrelation.StandardDeviation,Features.SpearmanCorrelation.Mean,Features.SpearmanCorrelation.StandardDeviation,FeaturesLabels.SpearmanCorrelation.Mean,FeaturesLabels.SpearmanCorrelation.StandardDeviation,Features.MutualInformation.Mean,Features.MutualInformation.StandardDeviation,Features.Entropy.Mean,Features.Entropy.StandardDeviation
0,0.08379610300814942,0.24532721861228401,0.027317067629465865,0.31070252531131126,-0.00918638384456261,0.2163461014520419,-0.007122304118379362,0.41932422493864235,,,,
1,0.23425775857740017,0.34183879711207804,0.1394640453084849,0.31570007879123013,0.002343511524746924,0.02994487341601049,0.13362598142098764,0.3321056558736974,0.02435436011106063,0.07714688225816402,17.692825148228817,0.3159352254394625
